item_id,enrollment_id,course_id,fee,discount_pct,final_fee
EIT00001,ENR0280,CRS012,6999.0,5,6299.1
EIT00002,ENR0079,CRS022,2499.0,10,2374.05
EIT00003,ENR0079,CRS025,3499.0,10,3149.1
EIT00004,ENR0079,CRS009,4499.0,15,4274.05
EIT00005,ENR0467,CRS029,5499.0,20,4674.15
EIT00006,ENR0467,CRS011,4999.0,15,4499.1
EIT00007,ENR0291,CRS015,3999.0,15,3599.1
EIT00008,ENR0291,CRS029,5499.0,20,4674.15
EIT00009,ENR0231,CRS005,3499.0,20,2799.2
EIT00010,ENR0231,CRS022,2499.0,10,2499.0
EIT00011,ENR0346,CRS030,3999.0,20,3199.2
EIT00012,ENR0346,CRS019,5999.0,0,5399.1
EIT00013,ENR0202,CRS019,5999.0,15,5999.0
EIT00014,ENR0202,CRS023,1499.0,0,1424.05
EIT00015,ENR0124,CRS014,3499.0,10,2799.2
EIT00016,ENR0124,CRS001,3999.0,15,3999.0
EIT00017,ENR0448,CRS014,3499.0,0,2799.2
EIT00018,ENR0448,CRS013,3999.0,20,3199.2
EIT00019,ENR0152,CRS024,2999.0,10,2399.2
EIT00020,ENR0458,CRS005,3499.0,10,3499.0
EIT00021,ENR0438,CRS013,3999.0,5,3999.0
EIT00022,ENR0053,CRS018,5499.0,15,5499.0
EIT00023,ENR0399,CRS015,3999.0,15,3199.2
EIT00024,ENR0203,CRS017,4499.0,0,3824.15
EIT00025,ENR0203,CRS002,5999.0,15,5699.05
EIT00026,ENR0174,CRS021,2999.0,10,2849.05
EIT00027,ENR0393,CRS022,2499.0,0,2374.05
EIT00028,ENR0393,CRS004,1999.0,0,1599.2
EIT00029,ENR0007,CRS027,5999.0,20,5999.0
EIT00030,ENR0007,CRS005,3499.0,5,2974.15
EIT00031,ENR0007,CRS021,2999.0,10,2399.2
EIT00032,ENR0013,CRS011,4999.0,0,3999.2
EIT00033,ENR0206,CRS003,6999.0,10,6299.1
EIT00034,ENR0088,CRS010,7999.0,15,7999.0
EIT00035,ENR0161,CRS024,2999.0,20,2999.0
EIT00036,ENR0161,CRS027,5999.0,5,5099.15
EIT00037,ENR0009,CRS027,5999.0,5,5099.15
EIT00038,ENR0134,CRS029,5499.0,15,5224.05
EIT00039,ENR0134,CRS010,7999.0,0,7599.05
EIT00040,ENR0365,CRS016,4999.0,0,4499.1
EIT00041,ENR0365,CRS019,5999.0,0,4799.2
EIT00042,ENR0017,CRS029,5499.0,15,4399.2
EIT00043,ENR0289,CRS003,6999.0,20,5599.2
EIT00044,ENR0289,CRS017,4499.0,5,4049.1
EIT00045,ENR0209,CRS022,2499.0,20,1999.2
EIT00046,ENR0265,CRS002,5999.0,0,5699.05
EIT00047,ENR0265,CRS015,3999.0,20,3399.15
EIT00048,ENR0480,CRS012,6999.0,15,6999.0
EIT00049,ENR0480,CRS019,5999.0,15,5399.1
EIT00050,ENR0128,CRS003,6999.0,0,6299.1
EIT00051,ENR0128,CRS017,4499.0,15,3599.2
EIT00052,ENR0427,CRS029,5499.0,20,5224.05
EIT00053,ENR0116,CRS016,4999.0,0,4249.15
EIT00054,ENR0275,CRS004,1999.0,5,1799.1
EIT00055,ENR0114,CRS029,5499.0,5,5224.05
EIT00056,ENR0249,CRS012,6999.0,5,5599.2
EIT00057,ENR0434,CRS008,8999.0,5,7649.15
EIT00058,ENR0151,CRS006,2999.0,15,2999.0
EIT00059,ENR0113,CRS016,4999.0,5,4999.0
EIT00060,ENR0113,CRS015,3999.0,0,3399.15
EIT00061,ENR0119,CRS023,1499.0,5,1499.0
EIT00062,ENR0119,CRS029,5499.0,20,4399.2
EIT00063,ENR0492,CRS005,3499.0,20,2799.2
EIT00064,ENR0492,CRS026,4499.0,0,4274.05
EIT00065,ENR0137,CRS002,5999.0,10,5699.05
EIT00066,ENR0137,CRS015,3999.0,0,3599.1
EIT00067,ENR0099,CRS008,8999.0,10,7649.15
EIT00068,ENR0012,CRS023,1499.0,5,1199.2
EIT00069,ENR0012,CRS013,3999.0,15,3399.15
EIT00070,ENR0350,CRS025,3499.0,5,2799.2
EIT00071,ENR0350,CRS014,3499.0,0,3324.05
EIT00072,ENR0373,CRS025,3499.0,20,3499.0
EIT00073,ENR0373,CRS022,2499.0,10,1999.2
EIT00074,ENR0373,CRS007,4999.0,0,4999.0
EIT00075,ENR0016,CRS019,5999.0,0,5999.0
EIT00076,ENR0478,CRS030,3999.0,5,3799.05
EIT00077,ENR0478,CRS029,5499.0,15,4399.2
EIT00078,ENR0499,CRS020,4499.0,10,3599.2
EIT00079,ENR0381,CRS018,5499.0,0,4399.2
EIT00080,ENR0381,CRS022,2499.0,15,2249.1
EIT00081,ENR0311,CRS024,2999.0,0,2849.05
EIT00082,ENR0311,CRS017,4499.0,5,4499.0
EIT00083,ENR0216,CRS017,4499.0,10,3599.2
EIT00084,ENR0115,CRS009,4499.0,20,3824.15
EIT00085,ENR0115,CRS019,5999.0,5,5099.15
EIT00086,ENR0115,CRS029,5499.0,20,5499.0
EIT00087,ENR0232,CRS019,5999.0,0,4799.2
EIT00088,ENR0061,CRS026,4499.0,0,4499.0
EIT00089,ENR0061,CRS011,4999.0,15,4499.1
EIT00090,ENR0061,CRS025,3499.0,10,2799.2
EIT00091,ENR0419,CRS027,5999.0,0,5699.05
EIT00092,ENR0419,CRS030,3999.0,10,3599.1
EIT00093,ENR0419,CRS003,6999.0,20,5949.15
EIT00094,ENR0355,CRS018,5499.0,5,4949.1
EIT00095,ENR0125,CRS010,7999.0,20,7999.0
EIT00096,ENR0056,CRS015,3999.0,0,3799.05
EIT00097,ENR0342,CRS010,7999.0,20,6799.15
EIT00098,ENR0342,CRS023,1499.0,10,1274.15
EIT00099,ENR0236,CRS019,5999.0,0,5699.05
EIT00100,ENR0236,CRS001,3999.0,0,3799.05
EIT00101,ENR0004,CRS023,1499.0,0,1199.2
EIT00102,ENR0004,CRS029,5499.0,10,4399.2
EIT00103,ENR0272,CRS016,4999.0,5,4999.0
EIT00104,ENR0272,CRS012,6999.0,15,6999.0
EIT00105,ENR0437,CRS025,3499.0,5,3499.0
EIT00106,ENR0382,CRS026,4499.0,10,3824.15
EIT00107,ENR0353,CRS008,8999.0,0,8549.05
EIT00108,ENR0353,CRS020,4499.0,0,4049.1
EIT00109,ENR0183,CRS005,3499.0,5,2799.2
EIT00110,ENR0183,CRS010,7999.0,10,6799.15
EIT00111,ENR0303,CRS020,4499.0,15,4049.1
EIT00112,ENR0303,CRS013,3999.0,15,3599.1
EIT00113,ENR0223,CRS025,3499.0,5,3149.1
EIT00114,ENR0223,CRS029,5499.0,15,4674.15
EIT00115,ENR0158,CRS020,4499.0,5,4499.0
EIT00116,ENR0166,CRS016,4999.0,20,4249.15
EIT00117,ENR0195,CRS012,6999.0,15,5599.2
EIT00118,ENR0252,CRS014,3499.0,15,3499.0
EIT00119,ENR0252,CRS019,5999.0,5,5399.1
EIT00120,ENR0157,CRS017,4499.0,15,4049.1
EIT00121,ENR0157,CRS029,5499.0,10,4674.15
EIT00122,ENR0452,CRS016,4999.0,5,4249.15
EIT00123,ENR0348,CRS013,3999.0,10,3799.05
EIT00124,ENR0348,CRS003,6999.0,0,5599.2
EIT00125,ENR0069,CRS026,4499.0,10,4499.0
EIT00126,ENR0414,CRS028,3499.0,0,2974.15
EIT00127,ENR0057,CRS003,6999.0,10,5949.15
EIT00128,ENR0057,CRS005,3499.0,15,3149.1
EIT00129,ENR0057,CRS018,5499.0,0,5224.05
EIT00130,ENR0154,CRS018,5499.0,0,5499.0
EIT00131,ENR0150,CRS008,8999.0,0,8549.05
EIT00132,ENR0139,CRS028,3499.0,10,3324.05
EIT00133,ENR0325,CRS012,6999.0,0,6299.1
EIT00134,ENR0176,CRS029,5499.0,20,5499.0
EIT00135,ENR0176,CRS002,5999.0,0,5099.15
EIT00136,ENR0176,CRS005,3499.0,15,2799.2
EIT00137,ENR0429,CRS015,3999.0,5,3199.2
EIT00138,ENR0429,CRS018,5499.0,10,4674.15
EIT00139,ENR0090,CRS007,4999.0,5,3999.2
EIT00140,ENR0090,CRS003,6999.0,0,6649.05
EIT00141,ENR0237,CRS002,5999.0,20,5099.15
EIT00142,ENR0237,CRS017,4499.0,15,3824.15
EIT00143,ENR0237,CRS019,5999.0,15,5999.0
EIT00144,ENR0015,CRS018,5499.0,0,4949.1
EIT00145,ENR0274,CRS030,3999.0,5,3199.2
EIT00146,ENR0287,CRS017,4499.0,15,4274.05
EIT00147,ENR0443,CRS027,5999.0,20,5699.05
EIT00148,ENR0168,CRS025,3499.0,5,3149.1
EIT00149,ENR0168,CRS016,4999.0,20,4499.1
EIT00150,ENR0168,CRS021,2999.0,15,2999.0
EIT00151,ENR0328,CRS017,4499.0,0,3599.2
EIT00152,ENR0108,CRS018,5499.0,15,5499.0
EIT00153,ENR0108,CRS017,4499.0,5,4499.0
EIT00154,ENR0364,CRS019,5999.0,20,4799.2
EIT00155,ENR0364,CRS024,2999.0,5,2549.15
EIT00156,ENR0245,CRS001,3999.0,10,3999.0
EIT00157,ENR0245,CRS029,5499.0,10,4674.15
EIT00158,ENR0360,CRS025,3499.0,10,3149.1
EIT00159,ENR0450,CRS022,2499.0,5,2374.05
EIT00160,ENR0450,CRS029,5499.0,15,4674.15
EIT00161,ENR0450,CRS019,5999.0,20,5099.15
EIT00162,ENR0473,CRS011,4999.0,15,4999.0
EIT00163,ENR0043,CRS001,3999.0,20,3599.1
EIT00164,ENR0043,CRS024,2999.0,5,2999.0
EIT00165,ENR0043,CRS011,4999.0,5,4999.0
EIT00166,ENR0299,CRS016,4999.0,5,4999.0
EIT00167,ENR0140,CRS021,2999.0,5,2399.2
EIT00168,ENR0186,CRS012,6999.0,15,6299.1
EIT00169,ENR0476,CRS019,5999.0,15,5699.05
EIT00170,ENR0476,CRS012,6999.0,0,6299.1
EIT00171,ENR0476,CRS023,1499.0,0,1424.05
EIT00172,ENR0326,CRS022,2499.0,10,2374.05
EIT00173,ENR0326,CRS010,7999.0,15,7999.0
EIT00174,ENR0396,CRS005,3499.0,0,3149.1
EIT00175,ENR0396,CRS009,4499.0,5,4274.05
EIT00176,ENR0052,CRS003,6999.0,5,6299.1
EIT00177,ENR0052,CRS015,3999.0,5,3799.05
EIT00178,ENR0190,CRS022,2499.0,5,2499.0
EIT00179,ENR0440,CRS013,3999.0,5,3999.0
EIT00180,ENR0417,CRS025,3499.0,10,3149.1
EIT00181,ENR0417,CRS007,4999.0,10,4749.05
EIT00182,ENR0334,CRS019,5999.0,5,5999.0
EIT00183,ENR0105,CRS023,1499.0,10,1349.1
EIT00184,ENR0481,CRS027,5999.0,0,5999.0
EIT00185,ENR0314,CRS005,3499.0,10,3324.05
EIT00186,ENR0498,CRS014,3499.0,5,2799.2
EIT00187,ENR0498,CRS002,5999.0,10,5099.15
EIT00188,ENR0047,CRS025,3499.0,15,2974.15
EIT00189,ENR0141,CRS004,1999.0,5,1699.15
EIT00190,ENR0180,CRS027,5999.0,10,5699.05
EIT00191,ENR0411,CRS027,5999.0,5,5999.0
EIT00192,ENR0217,CRS011,4999.0,10,3999.2
EIT00193,ENR0217,CRS002,5999.0,10,5699.05
EIT00194,ENR0262,CRS015,3999.0,10,3199.2
EIT00195,ENR0477,CRS010,7999.0,20,7599.05
EIT00196,ENR0391,CRS003,6999.0,5,6299.1
EIT00197,ENR0391,CRS006,2999.0,0,2999.0
EIT00198,ENR0290,CRS005,3499.0,0,2799.2
EIT00199,ENR0058,CRS018,5499.0,5,4949.1
EIT00200,ENR0058,CRS011,4999.0,15,4999.0
EIT00201,ENR0421,CRS025,3499.0,10,3499.0
EIT00202,ENR0421,CRS019,5999.0,20,5999.0
EIT00203,ENR0495,CRS019,5999.0,20,5099.15
EIT00204,ENR0269,CRS009,4499.0,20,3824.15
EIT00205,ENR0316,CRS003,6999.0,15,6299.1
EIT00206,ENR0468,CRS005,3499.0,15,3324.05
EIT00207,ENR0468,CRS002,5999.0,5,5099.15
EIT00208,ENR0255,CRS012,6999.0,0,6299.1
EIT00209,ENR0255,CRS013,3999.0,0,3199.2
EIT00210,ENR0133,CRS029,5499.0,20,5499.0
EIT00211,ENR0485,CRS007,4999.0,5,4249.15
EIT00212,ENR0062,CRS002,5999.0,0,5399.1
EIT00213,ENR0471,CRS004,1999.0,0,1999.0
EIT00214,ENR0260,CRS002,5999.0,10,5999.0
EIT00215,ENR0189,CRS013,3999.0,20,3999.0
EIT00216,ENR0076,CRS002,5999.0,20,4799.2
EIT00217,ENR0248,CRS020,4499.0,0,4049.1
EIT00218,ENR0439,CRS012,6999.0,10,6299.1
EIT00219,ENR0457,CRS011,4999.0,0,4249.15
EIT00220,ENR0457,CRS023,1499.0,5,1424.05
EIT00221,ENR0457,CRS030,3999.0,5,3599.1
EIT00222,ENR0059,CRS028,3499.0,20,3149.1
EIT00223,ENR0059,CRS001,3999.0,0,3399.15
EIT00224,ENR0424,CRS008,8999.0,15,8549.05
EIT00225,ENR0002,CRS011,4999.0,10,4999.0
EIT00226,ENR0064,CRS004,1999.0,0,1799.1
EIT00227,ENR0423,CRS001,3999.0,0,3599.1
EIT00228,ENR0235,CRS021,2999.0,15,2549.15
EIT00229,ENR0118,CRS002,5999.0,0,4799.2
EIT00230,ENR0027,CRS009,4499.0,20,4049.1
EIT00231,ENR0318,CRS023,1499.0,0,1274.15
EIT00232,ENR0003,CRS003,6999.0,20,6649.05
EIT00233,ENR0003,CRS009,4499.0,5,4274.05
EIT00234,ENR0143,CRS004,1999.0,15,1799.1
EIT00235,ENR0143,CRS017,4499.0,20,3824.15
EIT00236,ENR0132,CRS004,1999.0,20,1899.05
EIT00237,ENR0132,CRS014,3499.0,10,2799.2
EIT00238,ENR0070,CRS018,5499.0,15,5224.05
EIT00239,ENR0068,CRS023,1499.0,20,1349.1
EIT00240,ENR0409,CRS008,8999.0,15,8099.1
EIT00241,ENR0409,CRS004,1999.0,20,1999.0
EIT00242,ENR0372,CRS020,4499.0,15,4499.0
EIT00243,ENR0329,CRS013,3999.0,5,3399.15
EIT00244,ENR0345,CRS009,4499.0,0,4049.1
EIT00245,ENR0267,CRS012,6999.0,0,6649.05
EIT00246,ENR0267,CRS029,5499.0,5,5499.0
EIT00247,ENR0368,CRS004,1999.0,5,1699.15
EIT00248,ENR0305,CRS001,3999.0,5,3199.2
EIT00249,ENR0295,CRS018,5499.0,5,4399.2
EIT00250,ENR0131,CRS005,3499.0,5,3149.1
EIT00251,ENR0081,CRS010,7999.0,0,7199.1
EIT00252,ENR0081,CRS003,6999.0,20,5599.2
EIT00253,ENR0497,CRS004,1999.0,5,1699.15
EIT00254,ENR0266,CRS011,4999.0,0,4749.05
EIT00255,ENR0213,CRS024,2999.0,20,2699.1
EIT00256,ENR0213,CRS013,3999.0,15,3399.15
EIT00257,ENR0246,CRS027,5999.0,0,5999.0
EIT00258,ENR0285,CRS025,3499.0,0,2974.15
EIT00259,ENR0285,CRS027,5999.0,0,5399.1
EIT00260,ENR0153,CRS007,4999.0,0,4249.15
EIT00261,ENR0170,CRS009,4499.0,20,4499.0
EIT00262,ENR0413,CRS007,4999.0,15,4749.05
EIT00263,ENR0413,CRS017,4499.0,10,3824.15
EIT00264,ENR0259,CRS003,6999.0,20,6649.05
EIT00265,ENR0362,CRS005,3499.0,5,2799.2
EIT00266,ENR0418,CRS008,8999.0,15,8549.05
EIT00267,ENR0256,CRS027,5999.0,15,5399.1
EIT00268,ENR0256,CRS003,6999.0,20,6299.1
EIT00269,ENR0277,CRS020,4499.0,20,4049.1
EIT00270,ENR0277,CRS026,4499.0,0,3599.2
EIT00271,ENR0066,CRS017,4499.0,20,4274.05
EIT00272,ENR0367,CRS019,5999.0,20,5699.05
EIT00273,ENR0031,CRS019,5999.0,20,5699.05
EIT00274,ENR0198,CRS014,3499.0,10,2974.15
EIT00275,ENR0222,CRS027,5999.0,10,5399.1
EIT00276,ENR0449,CRS024,2999.0,5,2549.15
EIT00277,ENR0449,CRS020,4499.0,10,3824.15
EIT00278,ENR0271,CRS012,6999.0,10,6649.05
EIT00279,ENR0271,CRS007,4999.0,15,4749.05
EIT00280,ENR0008,CRS015,3999.0,10,3599.1
EIT00281,ENR0087,CRS013,3999.0,5,3399.15
EIT00282,ENR0410,CRS024,2999.0,20,2849.05
EIT00283,ENR0101,CRS021,2999.0,0,2999.0
EIT00284,ENR0010,CRS005,3499.0,5,3149.1
EIT00285,ENR0020,CRS014,3499.0,20,3499.0
EIT00286,ENR0020,CRS030,3999.0,0,3999.0
EIT00287,ENR0253,CRS029,5499.0,15,4949.1
EIT00288,ENR0253,CRS002,5999.0,15,5999.0
EIT00289,ENR0425,CRS024,2999.0,10,2399.2
EIT00290,ENR0425,CRS006,2999.0,20,2849.05
EIT00291,ENR0109,CRS012,6999.0,10,5949.15
EIT00292,ENR0109,CRS025,3499.0,5,2974.15
EIT00293,ENR0401,CRS019,5999.0,10,5699.05
EIT00294,ENR0401,CRS012,6999.0,0,5599.2
EIT00295,ENR0395,CRS029,5499.0,20,5224.05
EIT00296,ENR0011,CRS007,4999.0,5,3999.2
EIT00297,ENR0011,CRS011,4999.0,0,4999.0
EIT00298,ENR0238,CRS021,2999.0,10,2999.0
EIT00299,ENR0491,CRS001,3999.0,10,3799.05
EIT00300,ENR0050,CRS018,5499.0,15,4399.2
EIT00301,ENR0050,CRS011,4999.0,20,4999.0
EIT00302,ENR0148,CRS014,3499.0,5,3149.1
EIT00303,ENR0351,CRS003,6999.0,0,6299.1
EIT00304,ENR0351,CRS026,4499.0,10,4274.05
EIT00305,ENR0308,CRS007,4999.0,20,4499.1
EIT00306,ENR0308,CRS004,1999.0,20,1599.2
EIT00307,ENR0446,CRS019,5999.0,0,4799.2
EIT00308,ENR0446,CRS024,2999.0,0,2699.1
EIT00309,ENR0117,CRS029,5499.0,0,5499.0
EIT00310,ENR0164,CRS023,1499.0,20,1499.0
EIT00311,ENR0092,CRS009,4499.0,5,4499.0
EIT00312,ENR0317,CRS005,3499.0,0,2974.15
EIT00313,ENR0014,CRS021,2999.0,5,2699.1
EIT00314,ENR0407,CRS015,3999.0,10,3599.1
EIT00315,ENR0304,CRS009,4499.0,10,4049.1
EIT00316,ENR0214,CRS009,4499.0,15,4274.05
EIT00317,ENR0436,CRS030,3999.0,15,3799.05
EIT00318,ENR0412,CRS005,3499.0,20,3149.1
EIT00319,ENR0306,CRS024,2999.0,10,2699.1
EIT00320,ENR0428,CRS004,1999.0,20,1699.15
EIT00321,ENR0428,CRS020,4499.0,15,4274.05
EIT00322,ENR0428,CRS030,3999.0,0,3799.05
EIT00323,ENR0242,CRS024,2999.0,0,2699.1
EIT00324,ENR0366,CRS025,3499.0,20,2974.15
EIT00325,ENR0376,CRS021,2999.0,10,2849.05
EIT00326,ENR0103,CRS009,4499.0,5,3824.15
EIT00327,ENR0084,CRS025,3499.0,20,3149.1
EIT00328,ENR0319,CRS008,8999.0,5,8999.0
EIT00329,ENR0243,CRS021,2999.0,10,2849.05
EIT00330,ENR0243,CRS004,1999.0,0,1899.05
EIT00331,ENR0243,CRS020,4499.0,5,4274.05
EIT00332,ENR0493,CRS029,5499.0,20,5499.0
EIT00333,ENR0493,CRS012,6999.0,20,6999.0
EIT00334,ENR0182,CRS014,3499.0,20,3324.05
EIT00335,ENR0357,CRS002,5999.0,10,5099.15
EIT00336,ENR0383,CRS020,4499.0,10,4049.1
EIT00337,ENR0383,CRS030,3999.0,20,3399.15
EIT00338,ENR0032,CRS006,2999.0,10,2699.1
EIT00339,ENR0278,CRS013,3999.0,10,3599.1
EIT00340,ENR0278,CRS023,1499.0,5,1499.0
EIT00341,ENR0278,CRS026,4499.0,15,4499.0
EIT00342,ENR0077,CRS017,4499.0,10,4499.0
EIT00343,ENR0077,CRS019,5999.0,10,5999.0
EIT00344,ENR0263,CRS026,4499.0,0,3599.2
EIT00345,ENR0263,CRS016,4999.0,20,4999.0
EIT00346,ENR0067,CRS014,3499.0,5,2974.15
EIT00347,ENR0145,CRS015,3999.0,10,3999.0
EIT00348,ENR0496,CRS029,5499.0,20,4949.1
EIT00349,ENR0496,CRS013,3999.0,5,3999.0
EIT00350,ENR0426,CRS003,6999.0,15,6649.05
EIT00351,ENR0426,CRS021,2999.0,10,2399.2
EIT00352,ENR0354,CRS014,3499.0,20,2799.2
EIT00353,ENR0106,CRS004,1999.0,20,1799.1
EIT00354,ENR0044,CRS012,6999.0,15,6999.0
EIT00355,ENR0044,CRS017,4499.0,20,4049.1
EIT00356,ENR0127,CRS005,3499.0,0,3149.1
EIT00357,ENR0127,CRS020,4499.0,0,4049.1
EIT00358,ENR0127,CRS021,2999.0,5,2999.0
EIT00359,ENR0240,CRS027,5999.0,20,5699.05
EIT00360,ENR0055,CRS013,3999.0,20,3599.1
EIT00361,ENR0254,CRS009,4499.0,10,4049.1
EIT00362,ENR0254,CRS008,8999.0,15,8549.05
EIT00363,ENR0254,CRS019,5999.0,15,5999.0
EIT00364,ENR0130,CRS014,3499.0,0,2799.2
EIT00365,ENR0130,CRS006,2999.0,5,2699.1
EIT00366,ENR0048,CRS021,2999.0,5,2699.1
EIT00367,ENR0048,CRS002,5999.0,15,5699.05
EIT00368,ENR0208,CRS001,3999.0,0,3999.0
EIT00369,ENR0208,CRS012,6999.0,15,5599.2
EIT00370,ENR0208,CRS021,2999.0,0,2999.0
EIT00371,ENR0293,CRS028,3499.0,10,3324.05
EIT00372,ENR0293,CRS021,2999.0,20,2399.2
EIT00373,ENR0036,CRS018,5499.0,15,4949.1
EIT00374,ENR0082,CRS022,2499.0,15,2499.0
EIT00375,ENR0273,CRS010,7999.0,10,6399.2
EIT00376,ENR0273,CRS018,5499.0,20,4674.15
EIT00377,ENR0388,CRS023,1499.0,0,1199.2
EIT00378,ENR0388,CRS013,3999.0,0,3599.1
EIT00379,ENR0388,CRS014,3499.0,5,3324.05
EIT00380,ENR0021,CRS024,2999.0,10,2399.2
EIT00381,ENR0034,CRS004,1999.0,0,1999.0
EIT00382,ENR0268,CRS014,3499.0,10,2799.2
EIT00383,ENR0268,CRS010,7999.0,5,7199.1
EIT00384,ENR0112,CRS019,5999.0,5,5699.05
EIT00385,ENR0112,CRS015,3999.0,20,3199.2
EIT00386,ENR0488,CRS006,2999.0,20,2849.05
EIT00387,ENR0102,CRS004,1999.0,0,1699.15
EIT00388,ENR0102,CRS001,3999.0,0,3399.15
EIT00389,ENR0102,CRS018,5499.0,10,5224.05
EIT00390,ENR0310,CRS020,4499.0,15,4274.05
EIT00391,ENR0310,CRS002,5999.0,15,5399.1
EIT00392,ENR0321,CRS029,5499.0,0,4949.1
EIT00393,ENR0321,CRS027,5999.0,0,5099.15
EIT00394,ENR0292,CRS015,3999.0,10,3199.2
EIT00395,ENR0327,CRS030,3999.0,5,3999.0
EIT00396,ENR0405,CRS024,2999.0,0,2399.2
EIT00397,ENR0405,CRS009,4499.0,20,4049.1
EIT00398,ENR0307,CRS028,3499.0,20,3149.1
EIT00399,ENR0307,CRS024,2999.0,0,2849.05
EIT00400,ENR0060,CRS010,7999.0,15,7999.0
EIT00401,ENR0283,CRS016,4999.0,10,4499.1
EIT00402,ENR0257,CRS012,6999.0,0,5599.2
EIT00403,ENR0257,CRS009,4499.0,15,4499.0
EIT00404,ENR0165,CRS027,5999.0,5,5099.15
EIT00405,ENR0122,CRS020,4499.0,15,3599.2
EIT00406,ENR0122,CRS003,6999.0,20,5599.2
EIT00407,ENR0302,CRS008,8999.0,10,8099.1
EIT00408,ENR0111,CRS027,5999.0,5,5099.15
EIT00409,ENR0111,CRS024,2999.0,0,2549.15
EIT00410,ENR0111,CRS021,2999.0,0,2549.15
EIT00411,ENR0344,CRS025,3499.0,5,3324.05
EIT00412,ENR0030,CRS021,2999.0,10,2399.2
EIT00413,ENR0030,CRS015,3999.0,15,3199.2
EIT00414,ENR0484,CRS028,3499.0,0,3499.0
EIT00415,ENR0484,CRS001,3999.0,10,3999.0
EIT00416,ENR0371,CRS018,5499.0,15,5224.05
EIT00417,ENR0371,CRS024,2999.0,5,2399.2
EIT00418,ENR0371,CRS011,4999.0,15,3999.2
EIT00419,ENR0226,CRS028,3499.0,5,3324.05
EIT00420,ENR0472,CRS008,8999.0,5,7649.15
EIT00421,ENR0123,CRS022,2499.0,20,2374.05
EIT00422,ENR0123,CRS005,3499.0,15,3149.1
EIT00423,ENR0123,CRS019,5999.0,10,5399.1
EIT00424,ENR0185,CRS013,3999.0,15,3199.2
EIT00425,ENR0430,CRS006,2999.0,10,2399.2
EIT00426,ENR0225,CRS005,3499.0,0,3324.05
EIT00427,ENR0018,CRS003,6999.0,20,6299.1
EIT00428,ENR0018,CRS015,3999.0,20,3199.2
EIT00429,ENR0233,CRS019,5999.0,10,5099.15
EIT00430,ENR0422,CRS003,6999.0,5,5599.2
EIT00431,ENR0323,CRS021,2999.0,15,2999.0
EIT00432,ENR0220,CRS012,6999.0,20,5949.15
EIT00433,ENR0162,CRS001,3999.0,5,3799.05
EIT00434,ENR0162,CRS019,5999.0,10,5399.1
EIT00435,ENR0162,CRS023,1499.0,0,1424.05
EIT00436,ENR0022,CRS022,2499.0,10,1999.2
EIT00437,ENR0065,CRS020,4499.0,0,3599.2
EIT00438,ENR0359,CRS002,5999.0,20,4799.2
EIT00439,ENR0359,CRS009,4499.0,5,4049.1
EIT00440,ENR0040,CRS017,4499.0,0,4049.1
EIT00441,ENR0040,CRS009,4499.0,10,4049.1
EIT00442,ENR0234,CRS005,3499.0,20,3149.1
EIT00443,ENR0098,CRS022,2499.0,0,2249.1
EIT00444,ENR0330,CRS022,2499.0,15,2374.05
EIT00445,ENR0445,CRS015,3999.0,15,3399.15
EIT00446,ENR0337,CRS007,4999.0,20,4749.05
EIT00447,ENR0247,CRS015,3999.0,0,3199.2
EIT00448,ENR0247,CRS023,1499.0,20,1499.0
EIT00449,ENR0247,CRS026,4499.0,15,3824.15
EIT00450,ENR0169,CRS016,4999.0,20,4249.15
EIT00451,ENR0169,CRS014,3499.0,10,3149.1
EIT00452,ENR0026,CRS006,2999.0,20,2999.0
EIT00453,ENR0026,CRS023,1499.0,15,1349.1
EIT00454,ENR0258,CRS024,2999.0,5,2999.0
EIT00455,ENR0258,CRS001,3999.0,15,3399.15
EIT00456,ENR0075,CRS011,4999.0,5,4749.05
EIT00457,ENR0286,CRS023,1499.0,10,1349.1
EIT00458,ENR0286,CRS012,6999.0,20,6999.0
EIT00459,ENR0309,CRS015,3999.0,5,3599.1
EIT00460,ENR0309,CRS014,3499.0,0,2974.15
EIT00461,ENR0390,CRS027,5999.0,10,5099.15
EIT00462,ENR0390,CRS010,7999.0,20,6799.15
EIT00463,ENR0390,CRS008,8999.0,15,8099.1
EIT00464,ENR0332,CRS018,5499.0,20,5499.0
EIT00465,ENR0332,CRS001,3999.0,10,3199.2
EIT00466,ENR0097,CRS027,5999.0,15,4799.2
EIT00467,ENR0356,CRS025,3499.0,10,3499.0
EIT00468,ENR0356,CRS010,7999.0,20,6799.15
EIT00469,ENR0356,CRS009,4499.0,15,3599.2
EIT00470,ENR0029,CRS019,5999.0,20,5399.1
EIT00471,ENR0029,CRS001,3999.0,5,3399.15
EIT00472,ENR0221,CRS015,3999.0,0,3199.2
EIT00473,ENR0221,CRS011,4999.0,10,4499.1
EIT00474,ENR0192,CRS027,5999.0,5,5999.0
EIT00475,ENR0187,CRS018,5499.0,5,5499.0
EIT00476,ENR0261,CRS030,3999.0,10,3199.2
EIT00477,ENR0261,CRS025,3499.0,15,2799.2
EIT00478,ENR0474,CRS027,5999.0,15,5399.1
EIT00479,ENR0474,CRS001,3999.0,15,3599.1
EIT00480,ENR0447,CRS017,4499.0,10,4049.1
EIT00481,ENR0447,CRS019,5999.0,20,5099.15
EIT00482,ENR0126,CRS002,5999.0,0,5099.15
EIT00483,ENR0126,CRS024,2999.0,15,2549.15
EIT00484,ENR0126,CRS027,5999.0,20,5399.1
EIT00485,ENR0433,CRS018,5499.0,0,4949.1
EIT00486,ENR0403,CRS030,3999.0,20,3399.15
EIT00487,ENR0377,CRS016,4999.0,5,3999.2
EIT00488,ENR0384,CRS019,5999.0,5,4799.2
EIT00489,ENR0384,CRS007,4999.0,0,4749.05
EIT00490,ENR0489,CRS017,4499.0,15,3824.15
EIT00491,ENR0386,CRS022,2499.0,5,2499.0
EIT00492,ENR0386,CRS024,2999.0,15,2399.2
EIT00493,ENR0135,CRS025,3499.0,20,3499.0
EIT00494,ENR0074,CRS005,3499.0,0,2799.2
EIT00495,ENR0175,CRS008,8999.0,0,7199.2
EIT00496,ENR0479,CRS007,4999.0,20,4249.15
EIT00497,ENR0479,CRS003,6999.0,10,6999.0
EIT00498,ENR0479,CRS005,3499.0,0,3149.1
EIT00499,ENR0392,CRS025,3499.0,10,3149.1
EIT00500,ENR0361,CRS022,2499.0,15,1999.2
EIT00501,ENR0276,CRS009,4499.0,0,4499.0
EIT00502,ENR0276,CRS023,1499.0,0,1199.2
EIT00503,ENR0039,CRS018,5499.0,15,5224.05
EIT00504,ENR0039,CRS028,3499.0,15,2799.2
EIT00505,ENR0229,CRS025,3499.0,15,3324.05
EIT00506,ENR0229,CRS024,2999.0,5,2699.1
EIT00507,ENR0078,CRS012,6999.0,10,6999.0
EIT00508,ENR0078,CRS013,3999.0,20,3799.05
EIT00509,ENR0487,CRS004,1999.0,5,1699.15
EIT00510,ENR0487,CRS011,4999.0,5,4249.15
EIT00511,ENR0487,CRS020,4499.0,10,4274.05
EIT00512,ENR0380,CRS022,2499.0,15,2374.05
EIT00513,ENR0239,CRS008,8999.0,0,7199.2
EIT00514,ENR0239,CRS023,1499.0,5,1424.05
EIT00515,ENR0239,CRS018,5499.0,10,5499.0
EIT00516,ENR0083,CRS020,4499.0,5,3824.15
EIT00517,ENR0196,CRS019,5999.0,5,5699.05
EIT00518,ENR0196,CRS013,3999.0,10,3599.1
EIT00519,ENR0196,CRS020,4499.0,0,3599.2
EIT00520,ENR0149,CRS010,7999.0,15,7599.05
EIT00521,ENR0149,CRS027,5999.0,10,5399.1
EIT00522,ENR0072,CRS011,4999.0,15,4749.05
EIT00523,ENR0072,CRS006,2999.0,0,2399.2
EIT00524,ENR0378,CRS010,7999.0,10,6799.15
EIT00525,ENR0378,CRS006,2999.0,15,2399.2
EIT00526,ENR0167,CRS010,7999.0,15,7599.05
EIT00527,ENR0171,CRS011,4999.0,20,4749.05
EIT00528,ENR0171,CRS012,6999.0,20,6649.05
EIT00529,ENR0279,CRS025,3499.0,5,3149.1
EIT00530,ENR0279,CRS005,3499.0,10,3149.1
EIT00531,ENR0389,CRS002,5999.0,10,5399.1
EIT00532,ENR0389,CRS015,3999.0,15,3199.2
EIT00533,ENR0389,CRS007,4999.0,5,4749.05
EIT00534,ENR0230,CRS025,3499.0,20,2974.15
EIT00535,ENR0230,CRS015,3999.0,15,3199.2
EIT00536,ENR0230,CRS012,6999.0,15,5599.2
EIT00537,ENR0188,CRS024,2999.0,10,2999.0
EIT00538,ENR0250,CRS026,4499.0,15,4049.1
EIT00539,ENR0250,CRS024,2999.0,10,2999.0
EIT00540,ENR0181,CRS006,2999.0,5,2849.05
EIT00541,ENR0460,CRS003,6999.0,20,6649.05
EIT00542,ENR0172,CRS002,5999.0,15,4799.2
EIT00543,ENR0486,CRS006,2999.0,15,2549.15
EIT00544,ENR0315,CRS028,3499.0,15,3149.1
EIT00545,ENR0284,CRS022,2499.0,10,2374.05
EIT00546,ENR0284,CRS010,7999.0,0,7199.1
EIT00547,ENR0358,CRS005,3499.0,5,2799.2
EIT00548,ENR0363,CRS028,3499.0,5,2974.15
EIT00549,ENR0363,CRS018,5499.0,20,5499.0
EIT00550,ENR0363,CRS025,3499.0,0,3149.1
EIT00551,ENR0104,CRS009,4499.0,20,3599.2
EIT00552,ENR0046,CRS022,2499.0,15,2124.15
EIT00553,ENR0324,CRS028,3499.0,10,3499.0
EIT00554,ENR0482,CRS018,5499.0,10,4399.2
EIT00555,ENR0147,CRS005,3499.0,10,3499.0
EIT00556,ENR0071,CRS027,5999.0,0,5399.1
EIT00557,ENR0300,CRS009,4499.0,20,4274.05
EIT00558,ENR0224,CRS026,4499.0,0,4049.1
EIT00559,ENR0343,CRS025,3499.0,5,3499.0
EIT00560,ENR0343,CRS010,7999.0,10,6399.2
EIT00561,ENR0475,CRS016,4999.0,20,3999.2
EIT00562,ENR0415,CRS005,3499.0,0,3149.1
EIT00563,ENR0142,CRS021,2999.0,10,2399.2
EIT00564,ENR0110,CRS006,2999.0,0,2549.15
EIT00565,ENR0110,CRS018,5499.0,0,5499.0
EIT00566,ENR0163,CRS022,2499.0,5,2249.1
EIT00567,ENR0397,CRS018,5499.0,15,5499.0
EIT00568,ENR0005,CRS009,4499.0,15,3824.15
EIT00569,ENR0005,CRS012,6999.0,10,5949.15
EIT00570,ENR0005,CRS001,3999.0,15,3799.05
EIT00571,ENR0204,CRS001,3999.0,15,3599.1
EIT00572,ENR0456,CRS008,8999.0,5,7649.15
EIT00573,ENR0456,CRS006,2999.0,10,2399.2
EIT00574,ENR0456,CRS020,4499.0,15,3824.15
EIT00575,ENR0037,CRS029,5499.0,10,5224.05
EIT00576,ENR0037,CRS011,4999.0,20,3999.2
EIT00577,ENR0370,CRS009,4499.0,10,3599.2
EIT00578,ENR0370,CRS013,3999.0,20,3199.2
EIT00579,ENR0370,CRS021,2999.0,10,2999.0
EIT00580,ENR0136,CRS003,6999.0,5,5949.15
EIT00581,ENR0051,CRS007,4999.0,10,4249.15
EIT00582,ENR0431,CRS021,2999.0,0,2549.15
EIT00583,ENR0227,CRS001,3999.0,15,3999.0
EIT00584,ENR0227,CRS018,5499.0,20,5224.05
EIT00585,ENR0227,CRS002,5999.0,10,5399.1
EIT00586,ENR0094,CRS030,3999.0,0,3599.1
EIT00587,ENR0094,CRS027,5999.0,15,5399.1
EIT00588,ENR0041,CRS015,3999.0,0,3399.15
EIT00589,ENR0215,CRS006,2999.0,0,2549.15
EIT00590,ENR0215,CRS005,3499.0,0,3324.05
EIT00591,ENR0215,CRS014,3499.0,15,3324.05
EIT00592,ENR0080,CRS009,4499.0,20,4499.0
EIT00593,ENR0080,CRS023,1499.0,5,1274.15
EIT00594,ENR0042,CRS008,8999.0,10,7199.2
EIT00595,ENR0042,CRS016,4999.0,15,4749.05
EIT00596,ENR0270,CRS026,4499.0,5,3824.15
EIT00597,ENR0466,CRS003,6999.0,15,5599.2
EIT00598,ENR0441,CRS029,5499.0,15,4674.15
EIT00599,ENR0441,CRS027,5999.0,5,4799.2
EIT00600,ENR0441,CRS021,2999.0,15,2399.2
EIT00601,ENR0179,CRS002,5999.0,10,5099.15
EIT00602,ENR0179,CRS028,3499.0,15,2799.2
EIT00603,ENR0490,CRS021,2999.0,5,2699.1
EIT00604,ENR0490,CRS007,4999.0,10,3999.2
EIT00605,ENR0177,CRS016,4999.0,0,4999.0
EIT00606,ENR0184,CRS011,4999.0,5,4249.15
EIT00607,ENR0159,CRS024,2999.0,5,2399.2
EIT00608,ENR0159,CRS012,6999.0,15,5599.2
EIT00609,ENR0049,CRS003,6999.0,10,6999.0
EIT00610,ENR0049,CRS002,5999.0,10,4799.2
EIT00611,ENR0335,CRS020,4499.0,0,3599.2
EIT00612,ENR0335,CRS027,5999.0,0,5399.1
EIT00613,ENR0352,CRS004,1999.0,15,1999.0
EIT00614,ENR0352,CRS024,2999.0,5,2699.1
EIT00615,ENR0352,CRS019,5999.0,0,5099.15
EIT00616,ENR0339,CRS006,2999.0,15,2999.0
EIT00617,ENR0339,CRS004,1999.0,20,1999.0
EIT00618,ENR0339,CRS005,3499.0,0,2799.2
EIT00619,ENR0100,CRS030,3999.0,15,3999.0
EIT00620,ENR0100,CRS006,2999.0,5,2699.1
EIT00621,ENR0160,CRS015,3999.0,10,3599.1
EIT00622,ENR0160,CRS027,5999.0,10,5399.1
EIT00623,ENR0459,CRS026,4499.0,0,3824.15
EIT00624,ENR0193,CRS021,2999.0,10,2999.0
EIT00625,ENR0200,CRS013,3999.0,15,3199.2
EIT00626,ENR0402,CRS011,4999.0,10,3999.2
EIT00627,ENR0402,CRS017,4499.0,5,3599.2
EIT00628,ENR0313,CRS012,6999.0,20,6299.1
EIT00629,ENR0297,CRS021,2999.0,10,2999.0
EIT00630,ENR0294,CRS006,2999.0,20,2849.05
EIT00631,ENR0294,CRS025,3499.0,20,3499.0
EIT00632,ENR0218,CRS013,3999.0,0,3199.2
EIT00633,ENR0073,CRS018,5499.0,10,4949.1
EIT00634,ENR0073,CRS015,3999.0,5,3999.0
EIT00635,ENR0073,CRS005,3499.0,5,3324.05
EIT00636,ENR0201,CRS022,2499.0,0,2249.1
EIT00637,ENR0374,CRS023,1499.0,0,1274.15
EIT00638,ENR0408,CRS022,2499.0,0,2249.1
EIT00639,ENR0178,CRS024,2999.0,0,2999.0
EIT00640,ENR0178,CRS023,1499.0,5,1199.2
EIT00641,ENR0120,CRS027,5999.0,20,5399.1
EIT00642,ENR0089,CRS023,1499.0,5,1274.15
EIT00643,ENR0028,CRS024,2999.0,10,2699.1
EIT00644,ENR0028,CRS020,4499.0,15,4499.0
EIT00645,ENR0129,CRS005,3499.0,5,3324.05
EIT00646,ENR0129,CRS011,4999.0,5,4499.1
EIT00647,ENR0129,CRS010,7999.0,10,6799.15
EIT00648,ENR0455,CRS026,4499.0,20,4049.1
EIT00649,ENR0455,CRS015,3999.0,5,3999.0
EIT00650,ENR0091,CRS008,8999.0,0,8999.0
EIT00651,ENR0156,CRS020,4499.0,5,4274.05
EIT00652,ENR0156,CRS011,4999.0,5,3999.2
EIT00653,ENR0500,CRS017,4499.0,10,4049.1
EIT00654,ENR0006,CRS022,2499.0,20,2124.15
EIT00655,ENR0006,CRS016,4999.0,0,4249.15
EIT00656,ENR0194,CRS023,1499.0,0,1424.05
EIT00657,ENR0194,CRS020,4499.0,20,3824.15
EIT00658,ENR0194,CRS010,7999.0,20,7999.0
EIT00659,ENR0453,CRS014,3499.0,0,3324.05
EIT00660,ENR0207,CRS021,2999.0,15,2699.1
EIT00661,ENR0341,CRS018,5499.0,5,5499.0
EIT00662,ENR0024,CRS023,1499.0,0,1274.15
EIT00663,ENR0404,CRS018,5499.0,5,4399.2
EIT00664,ENR0483,CRS015,3999.0,15,3399.15
EIT00665,ENR0379,CRS019,5999.0,10,5999.0
EIT00666,ENR0085,CRS008,8999.0,5,7199.2
EIT00667,ENR0001,CRS014,3499.0,10,3499.0
EIT00668,ENR0406,CRS015,3999.0,15,3799.05
EIT00669,ENR0462,CRS012,6999.0,0,5599.2
EIT00670,ENR0138,CRS021,2999.0,20,2549.15
EIT00671,ENR0138,CRS006,2999.0,15,2399.2
EIT00672,ENR0461,CRS018,5499.0,10,4399.2
EIT00673,ENR0416,CRS007,4999.0,15,4499.1
EIT00674,ENR0432,CRS011,4999.0,5,4499.1
EIT00675,ENR0432,CRS002,5999.0,20,5399.1
EIT00676,ENR0432,CRS021,2999.0,0,2999.0
EIT00677,ENR0465,CRS004,1999.0,10,1799.1
EIT00678,ENR0465,CRS020,4499.0,15,4499.0
EIT00679,ENR0241,CRS006,2999.0,20,2849.05
EIT00680,ENR0296,CRS002,5999.0,0,5999.0
EIT00681,ENR0296,CRS017,4499.0,15,3599.2
EIT00682,ENR0054,CRS020,4499.0,20,4499.0
EIT00683,ENR0301,CRS014,3499.0,10,3324.05
EIT00684,ENR0301,CRS023,1499.0,15,1274.15
EIT00685,ENR0095,CRS022,2499.0,0,2249.1
EIT00686,ENR0095,CRS012,6999.0,15,5599.2
EIT00687,ENR0210,CRS011,4999.0,5,4249.15
EIT00688,ENR0210,CRS017,4499.0,20,4274.05
EIT00689,ENR0210,CRS001,3999.0,0,3399.15
EIT00690,ENR0093,CRS014,3499.0,15,3149.1
EIT00691,ENR0400,CRS010,7999.0,10,7999.0
EIT00692,ENR0349,CRS010,7999.0,0,6799.15
EIT00693,ENR0322,CRS020,4499.0,0,4274.05
EIT00694,ENR0322,CRS005,3499.0,0,2799.2
EIT00695,ENR0264,CRS007,4999.0,10,4999.0
EIT00696,ENR0264,CRS030,3999.0,15,3799.05
EIT00697,ENR0264,CRS028,3499.0,20,2799.2
EIT00698,ENR0173,CRS008,8999.0,15,8099.1
EIT00699,ENR0038,CRS027,5999.0,20,5699.05
EIT00700,ENR0038,CRS021,2999.0,0,2999.0
EIT00701,ENR0369,CRS021,2999.0,5,2549.15
EIT00702,ENR0369,CRS001,3999.0,10,3999.0
EIT00703,ENR0211,CRS012,6999.0,5,6649.05
EIT00704,ENR0211,CRS009,4499.0,5,4049.1
EIT00705,ENR0146,CRS015,3999.0,10,3799.05
EIT00706,ENR0469,CRS004,1999.0,20,1599.2
EIT00707,ENR0251,CRS002,5999.0,20,5099.15
EIT00708,ENR0251,CRS030,3999.0,0,3799.05
EIT00709,ENR0025,CRS017,4499.0,15,4049.1
EIT00710,ENR0025,CRS029,5499.0,10,4949.1
EIT00711,ENR0451,CRS001,3999.0,5,3199.2
EIT00712,ENR0451,CRS022,2499.0,20,2249.1
EIT00713,ENR0019,CRS007,4999.0,5,4499.1
EIT00714,ENR0019,CRS005,3499.0,10,3324.05
EIT00715,ENR0019,CRS010,7999.0,0,7199.1
EIT00716,ENR0494,CRS019,5999.0,0,5999.0
EIT00717,ENR0494,CRS002,5999.0,20,4799.2
EIT00718,ENR0199,CRS008,8999.0,15,7199.2
EIT00719,ENR0199,CRS026,4499.0,20,3824.15
EIT00720,ENR0288,CRS004,1999.0,0,1699.15
EIT00721,ENR0288,CRS029,5499.0,15,4674.15
EIT00722,ENR0063,CRS013,3999.0,5,3199.2
EIT00723,ENR0420,CRS007,4999.0,10,4249.15
EIT00724,ENR0281,CRS012,6999.0,20,6299.1
EIT00725,ENR0387,CRS013,3999.0,0,3599.1
EIT00726,ENR0144,CRS016,4999.0,15,4999.0
EIT00727,ENR0197,CRS009,4499.0,5,3824.15
EIT00728,ENR0340,CRS017,4499.0,10,4049.1
EIT00729,ENR0464,CRS005,3499.0,15,3149.1
EIT00730,ENR0045,CRS024,2999.0,0,2399.2
EIT00731,ENR0045,CRS013,3999.0,15,3199.2
EIT00732,ENR0191,CRS023,1499.0,10,1274.15
EIT00733,ENR0035,CRS005,3499.0,15,3149.1
EIT00734,ENR0035,CRS027,5999.0,10,5999.0
EIT00735,ENR0035,CRS010,7999.0,10,7599.05
EIT00736,ENR0086,CRS028,3499.0,5,2974.15
EIT00737,ENR0219,CRS002,5999.0,15,5699.05
EIT00738,ENR0219,CRS013,3999.0,10,3199.2
EIT00739,ENR0155,CRS010,7999.0,5,7999.0
EIT00740,ENR0155,CRS008,8999.0,15,8099.1
EIT00741,ENR0336,CRS009,4499.0,5,4274.05
EIT00742,ENR0336,CRS024,2999.0,0,2549.15
EIT00743,ENR0298,CRS004,1999.0,0,1899.05
EIT00744,ENR0205,CRS016,4999.0,20,4999.0
EIT00745,ENR0333,CRS001,3999.0,20,3199.2
EIT00746,ENR0463,CRS003,6999.0,0,6999.0
EIT00747,ENR0463,CRS013,3999.0,0,3799.05
EIT00748,ENR0444,CRS021,2999.0,15,2849.05
EIT00749,ENR0444,CRS007,4999.0,20,3999.2
EIT00750,ENR0347,CRS012,6999.0,10,5949.15
EIT00751,ENR0398,CRS012,6999.0,15,5599.2
EIT00752,ENR0398,CRS023,1499.0,5,1349.1
EIT00753,ENR0212,CRS015,3999.0,20,3399.15
EIT00754,ENR0312,CRS016,4999.0,5,4749.05
EIT00755,ENR0033,CRS028,3499.0,15,3499.0
EIT00756,ENR0033,CRS006,2999.0,10,2999.0
EIT00757,ENR0033,CRS009,4499.0,20,3824.15
EIT00758,ENR0331,CRS012,6999.0,0,6299.1
EIT00759,ENR0331,CRS015,3999.0,15,3199.2
EIT00760,ENR0023,CRS010,7999.0,0,7999.0
EIT00761,ENR0442,CRS009,4499.0,0,3824.15
EIT00762,ENR0096,CRS010,7999.0,0,7599.05
EIT00763,ENR0096,CRS008,8999.0,0,7649.15
EIT00764,ENR0454,CRS018,5499.0,15,4949.1
EIT00765,ENR0454,CRS006,2999.0,10,2549.15
EIT00766,ENR0454,CRS010,7999.0,0,7599.05
EIT00767,ENR0282,CRS029,5499.0,20,4399.2
EIT00768,ENR0282,CRS020,4499.0,15,3599.2
EIT00769,ENR0394,CRS020,4499.0,0,4499.0
EIT00770,ENR0394,CRS006,2999.0,15,2699.1
EIT00771,ENR0375,CRS024,2999.0,10,2399.2
EIT00772,ENR0375,CRS020,4499.0,5,3824.15
EIT00773,ENR0435,CRS002,5999.0,20,5699.05
EIT00774,ENR0385,CRS027,5999.0,20,5099.15
EIT00775,ENR0338,CRS014,3499.0,10,3324.05
EIT00776,ENR0470,CRS007,4999.0,5,4499.1
EIT00777,ENR0470,CRS024,2999.0,10,2549.15
